Data;Hora_Registro;Area;Atividade;Horas;Impacto;Imagem_Path
16/05/2026;12:01;Solicitação Supervisores;No dia 16/05/2026 foi iniciada a atividade de exclusão de 1000 templates dentro do contexto MaxTrack. A execução está sendo realizada de forma controlada, com acompanhamento das exclusões e validação de possíveis impactos operacionais. Até o momento, a atividade segue em andamento sem registros de incidentes relevantes;24.0;O impacto estratégico da atividade é considerado alto, devido à limitação atual do sistema, que permite apenas a exclusão individual dos templates. Durante a execução, foram identificados travamentos recorrentes, exigindo reinicializações constantes do sistema para continuidade do processo. Esse cenário aumenta significativamente o tempo operacional da atividade, eleva o esforço manual envolvido e gera risco de indisponibilidade e instabilidade operacional durante a execução.;evidencias\20260517_120139_Captura de tela 2026-05-17 111554.png
16/05/2026;17:03;Agendamento;"No dia 15/05/2026 foi identificado um problema relacionado ao agendamento de uma O.S. para a Kayzen. Inicialmente, foi aberta uma ordem de serviço incorreta, que posteriormente foi encerrada e substituída por outra registrada como instalação. Entretanto, houve inconsistências no histórico da O.S., apresentando fotos relacionadas à manutenção enquanto os serviços estavam descritos como instalação, embora o atendimento correto fosse um downgrade. Foi necessário realizar uma análise detalhada da situação para entendimento do fluxo ocorrido e aplicação da correção adequada.

Além disso, a inconsistência identificada estava impactando diretamente o equipamento vinculado ao atendimento, ocasionando travamentos no serviço durante o dia 16/05/2026, exigindo atuação para estabilização e continuidade operacional.
";2.15;"com ocorrido tatrasou o serviço do tecnico vincius 2h15 pois travou o mtc em contrato que não eradele e O impacto estratégico da situação foi alto, pois houve dificuldade inicial das equipes em compreender a origem do problema e a forma correta de resolução. Durante a análise, foi necessário esclarecer tecnicamente o fluxo do agendamento e das ordens de serviço, evitando que a responsabilidade fosse atribuída incorretamente ao técnico de campo, quando o erro teve origem no agendamento e nas inconsistências geradas no sistema. A atuação permitiu identificar a causa real do problema, direcionar a correção adequada e evitar retrabalho, impactos operacionais maiores e tratativas equivocadas com a equipe técnica.
";evidencias\20260517_170341_Captura de tela 2026-05-17 170011.png
27/05/2026;09:06;Área Técnica;Ajudei o tecnico a prosseguir com flow, pois estava com duvidas nas etapas ;0.5;tecnico travado em campo, por falta de orientação interna ;evidencias\20260527_090644_Captura de tela 2026-05-27 090343.png
27/05/2026;09:26;Solicitação Coordenação;No dia 16/05/2026 foi iniciada a atividade de exclusão de 1000 templates dentro do contexto MaxTrack. A execução está sendo realizada de forma controlada, com acompanhamento das exclusões e validação de possíveis impactos operacionais. Até o momento, a atividade segue em andamento sem registros de incidentes relevantes;4.0;"O impacto estratégico da atividade é considerado alto devido à limitação atual do sistema, que permite apenas a exclusão individual dos templates. Durante a execução, foram identificados travamentos recorrentes, exigindo reinicializações constantes do sistema para dar continuidade ao processo. Esse cenário aumenta significativamente o tempo operacional da atividade, eleva o esforço manual envolvido e gera risco de indisponibilidade e instabilidade operacional durante a execução.

Além disso, considerando que permaneci uma semana ausente por licença médica, retomei hoje as exclusões. Atualmente, o ambiente possui 319 templates no total, já contabilizando os novos templates do Flow V3.
";evidencias\20260527_092622_Captura de tela 2026-05-27 091546.png
27/05/2026;11:52;Validação;"Foi identificada uma desinstalação da Braspress realizada em 21/01/2026. O equipamento foi removido, porém não houve a retirada do contrato. Atualmente, o equipamento encontra-se em estoque no cliente, motivo pelo qual será realizada a remoção do vínculo contratual.
";0.25;"O impacto estratégico da atividade é considerado médio, pois o equipamento já foi desinstalado e encontra-se em estoque no cliente. Entretanto, a permanência do vínculo contratual pode gerar inconsistências cadastrais, divergências de inventário e possíveis cobranças indevidas, tornando necessária a regularização para manter a integridade das informações e dos controles operacionais.
";evidencias\20260527_115212_Captura de tela 2026-05-27 113507.png
27/05/2026;13:51;Solicitação Coordenação;"Após solicitação do Abel, entrei em contato com Luciano solicitando o bloqueio da edição de templates para todos os usuários, mantendo permissão apenas para mim, Abel e Tortura.
";0.1666666666666666;"O impacto estratégico da atividade é considerado alto, pois a restrição de acesso à edição de templates reduz significativamente o risco de alterações indevidas, conflitos de configuração e inconsistências operacionais no ambiente. A medida também fortalece o controle de mudanças, garantindo maior governança, padronização e segurança na administração dos templates críticos.
";evidencias\20260527_135112_Captura de tela 2026-05-27 133208.png
27/05/2026;17:44;Área Técnica;reunião de alinhamento com o supervisor Pedro Igor para revisar e discutir o layout do material desenvolvido, avaliando ajustes necessários e definindo direcionamentos para adequação visual e organização do conteúdo.;1.5;o alinhamento do layout com o supervisor Pedro Igor garantiu maior aderência do material às expectativas do projeto, reduzindo retrabalho, melhorando a organização visual das informações e contribuindo para uma comunicação mais clara e eficiente do conteúdo desenvolvido.;evidencias\20260527_174426_Captura de tela 2026-05-27 173623.png
27/05/2026;17:49;Área Técnica;elaboração de manuais, edição de fotos, produção e revisão de textos, além da organização e estruturação de informações para melhor apresentação e compreensão do conteúdo desenvolvido.;2.0;a elaboração dos manuais, edição de fotos, escrita de textos e organização das informações contribuíram para padronizar a comunicação, melhorar a qualidade visual e textual dos materiais e facilitar o acesso e entendimento das informações, aumentando a eficiência na transmissão do conteúdo e apoiando os processos internos da equipe.;evidencias\20260527_174900_Captura de tela 2026-05-27 174826.png
28/05/2026;09:59;Agendamento;Iniciei o dia realizando a liberação dos templates necessários para o funcionamento do sistema de agendamento, garantindo a execução dos agendamentos dos serviços.;0.1666666666666666;A liberação dos templates garantiu a continuidade do processo de agendamento dos serviços, evitando interrupções operacionais e assegurando maior eficiência no atendimento das demandas.;evidencias\20260528_095900_Captura de tela 2026-05-28 094631.png
28/05/2026;10:18;Área Técnica;Realizei a liberação de um kit de câmeras pertencente a um conjunto de equipamentos, garantindo a disponibilidade dos itens para utilização/liberação do processo.;0.25;Contribuiu para a eficiência operacional ao assegurar a liberação adequada dos equipamentos necessários para execução das atividades previstas.;evidencias\20260528_101800_Captura de tela 2026-05-28 095956.png
28/05/2026;11:37;Validação;O técnico não estava conseguindo vincular o equipamento no Flow. Após verificação, identifiquei que o equipamento estava em status de quarentena, sendo realizada a alteração para “Disponível”, permitindo a continuidade das atividades em campo.;0.0833333333333333;Contribuiu para a eficiência operacional ao normalizar o status do equipamento, assegurando fluidez no processo de atendimento em campo.;evidencias\20260528_113742_Captura de tela 2026-05-28 112904.png
28/05/2026;17:28;Área Técnica;Dando continuidade a elaboração de manuais, edição de fotos, produção e revisão de textos, além da organização e estruturação de informações para melhor apresentação e compreensão do conteúdo desenvolvido.;5.0;a elaboração dos manuais, edição de fotos, escrita de textos e organização das informações contribuíram para padronizar a comunicação, melhorar a qualidade visual e textual dos materiais e facilitar o acesso e entendimento das informações, aumentando a eficiência na transmissão do conteúdo e apoiando os processos internos da equipe.;evidencias\20260528_172847_Captura de tela 2026-05-28 172635.png
28/05/2026;17:32;Solicitação Coordenação;Após solicitação do Abel, realizei a criação do template solicitado para atendimento da região do supervisor Jair, garantindo o suporte às demandas operacionais.;0.6666666666666666;Contribuiu para a otimização operacional da região ao disponibilizar o template necessário para execução das demandas de agendamento.;evidencias\20260528_173209_Captura de tela 2026-05-28 172933.png
29/05/2026;09:33;Agendamento;Após solicitação da Samyra por ligação, prestei apoio ao grupo PH Instalações. Após verificação, identifiquei que a OS havia sido aberta no template incorreto, o que impedia o técnico de prosseguir com a atividade em campo. Foi realizado o ajuste necessário para continuidade do atendimento.;0.3333333333333333;A ação garantiu a continuidade do atendimento em campo, eliminando o impedimento causado pela abertura incorreta da OS e reduzindo possíveis atrasos operacionais.;evidencias\20260529_093305_Captura de tela 2026-05-29 090436.png
29/05/2026;09:51;Solicitação Supervisores;Fui acionado pelo supervisor Leandro Silva, pois o técnico não estava conseguindo incluir a FADIG no Flow. Após verificação, identifiquei uma inconsistência no slot do equipamento. Realizei a inclusão/correção do slot da FADIG, permitindo que o técnico prosseguisse com a atividade em campo.;0.5;A correção da inconsistência no slot do equipamento garantiu a continuidade das atividades em campo, evitando interrupções operacionais e assegurando maior agilidade no atendimento do técnico.;evidencias\20260529_095151_Captura de tela 2026-05-29 094156.png
29/05/2026;13:37;Solicitação Supervisores;Fui acionado pelo supervisor Leandro Olímpio para esclarecer um problema identificado no grupo do prestador de serviço Evolution, no qual os técnicos estavam enfrentando dificuldades para registrar fotos das instalações. Após análise, o problema foi resolvido por meio do destravamento da rotação automática do dispositivo.;0.75;A ação garantiu a continuidade do registro das evidências das instalações, evitando impactos no andamento das atividades em campo e assegurando conformidade no processo operacional.;evidencias\20260529_133748_Captura de tela 2026-05-29 132718.png
29/05/2026;13:48;Agendamento;Fui acionado pelo time de agendamento para realizar a liberação de dois templates destinados aos clientes Benel e São Martinho, garantindo a disponibilidade dos serviços para atendimento das demandas.;0.3333333333333333;Contribuiu para a eficiência operacional ao disponibilizar os templates necessários para atendimento das demandas dos clientes Benel e São Martinho.;evidencias\20260529_134821_Captura de tela 2026-05-29 133959.png
29/05/2026;14:25;Área Técnica;Entrei em contato no grupo de fluxo de manuais para solicitar as fotos do veículo DAF XF, com o objetivo de complementar mais um manual para aprovação da coordenação.;0.25;Contribuiu para a padronização e qualidade da documentação operacional, assegurando informações completas para aprovação do manual pela coordenação.;evidencias\20260529_142548_Captura de tela 2026-05-29 141104.png
29/05/2026;14:42;Entre outros;Após solicitação do líder técnico Rodrigo, da Braspress, realizei a verificação de um veículo que apresentava problema relacionado a uma placa específica. Após análise, consegui solucionar a situação por meio da liberação nos conjuntos de equipamentos. ;0.3333333333333333;Contribuiu para a eficiência operacional ao solucionar a inconsistência identificada no equipamento, assegurando disponibilidade e continuidade das atividades do cliente.;evidencias\20260529_144255_Captura de tela 2026-05-29 143646.png
29/05/2026;15:27;Solicitação Coordenação;Dando continuidade à elaboração dos manuais, segui analisando os contextos dos clientes que realizaram instalação do DAF XF, selecionando as melhores fotos para desenvolvimento de mais um guia padrão referente ao modelo citado.;5.0;A ação contribuiu para a padronização dos processos de instalação, garantindo maior qualidade na documentação técnica e suporte mais eficiente às equipes operacionais.;evidencias\20260529_152736_Captura de tela 2026-05-29 152433.png
30/05/2026;14:39;Solicitação Coordenação;Dediquei o dia à coleta e análise de materiais e imagens para a elaboração do manual do DAF XF. Durante o processo, identifiquei dificuldades relacionadas à qualidade das fotos disponíveis, pois grande parte das imagens apresentava baixa resolução e pouca nitidez, dificultando a correta evidência dos procedimentos e componentes necessários para composição do material.;4.0;A atividade contribuiu para o desenvolvimento da documentação técnica do DAF XF, identificando previamente limitações na qualidade dos materiais disponíveis e permitindo direcionar ações para obtenção de evidências mais adequadas, garantindo maior qualidade, padronização e assertividade no manual a ser disponibilizado às equipes operacionais.;evidencias\20260530_143911_Captura de tela 2026-05-30 142847.png
30/05/2026;14:42;Área Técnica;;1.0;;
30/05/2026;17:19;Agendamento;"Fui acionado pela equipe de agendamento para analisar um lançamento de reagendamento que não estava de acordo com o combinado entre Soares e Abel. Realizei a verificação do caso, validei as informações envolvidas e alinhei os ajustes necessários para correção do processo.
";0.1666666666666666;"Garantiu a aderência ao processo acordado entre as áreas envolvidas, evitando inconsistências nos registros de agendamento e reagendamento. A ação contribuiu para a confiabilidade das informações, redução de retrabalho e alinhamento operacional entre os responsáveis pelo processo.
";evidencias\20260530_171919_Captura de tela 2026-05-30 171354.png
30/05/2026;17:33;Solicitação Coordenação;"Após selecionar algumas fotos, iniciei a organização delas dentro do protótipo, estruturando o material para facilitar a visualização e futuras inclusões. O objetivo é, à medida que novas fotos forem disponibilizadas, consolidar o conteúdo e encaminhá-lo para aprovação da coordenação.
";3.75;"A organização prévia das imagens agiliza o processo de revisão e aprovação, melhora a apresentação do material e reduz retrabalho nas etapas seguintes. Além disso, contribui para uma análise mais eficiente da coordenação e para o avanço do projeto dentro dos prazos previstos.
";evidencias\20260530_173351_Captura de tela 2026-05-30 172030.png
03/06/2026;13:51;Agendamento;"Iniciei o dia respondendo ao e-mail encaminhado pelo Thiago referente ao agendamento da criação do serviço de manutenção da antena LoRa.
";0.5;Garantiu o alinhamento inicial para a criação do serviço de manutenção da antena LoRa, contribuindo para a continuidade operacional e a confiabilidade da infraestrutura de comunicação.;evidencias\20260603_135122_Captura de tela 2026-06-03 134731.png
03/06/2026;14:07;Área Técnica;Em seguida, eu e o Igor realizamos uma reunião de 1h30 para discutir melhorias a serem implementadas no manual do Volvo VM.;1.5;A reunião permitiu identificar oportunidades de aprimoramento na documentação técnica, contribuindo para maior clareza das informações, padronização dos procedimentos e melhor experiência dos usuários do manual.;evidencias\20260603_140741_Captura de tela 2026-06-03 135145.png
03/06/2026;17:12;Área Técnica;Eu e o Igor revisamos o conteúdo do manual do Volvo VM, analisando e resumindo os textos necessários para torná-los mais curtos, claros e objetivos.;2.0;A reunião permitiu identificar oportunidades de aprimoramento na documentação técnica, contribuindo para maior clareza das informações, padronização dos procedimentos e melhor experiência dos usuários do manual.;
03/06/2026;17:15;Solicitação Coordenação;Realizamos uma reunião com o Abel para revisar os pontos do manual e identificar melhorias a serem implementadas antes da liberação da primeira versão.;1.0;A revisão antecipada permitiu identificar oportunidades de melhoria no conteúdo, contribuindo para a entrega de uma versão mais completa, consistente e alinhada às necessidades dos usuários.;evidencias\20260603_171555_Captura de tela 2026-06-03 153818.png
05/06/2026;09:04;Agendamento;Iniciei o dia atendendo a uma solicitação da equipe de Agendamento referente ao Flow, realizando as análises e alinhamentos necessários para dar andamento à demanda.;0.1666666666666666;Contribuiu para a continuidade e eficiência do processo de agendamento, garantindo o atendimento da demanda e apoiando o correto funcionamento do fluxo operacional.;evidencias\20260605_090424_Captura de tela 2026-06-05 085516.png
05/06/2026;11:33;Solicitação Supervisores;Em seguida, Igor firmou o contrato e, assim, começamos a avaliar algumas fotos para eventualmente substituir a que consta no anuário atual.;4.0;Contribui para a atualização e melhoria da qualidade visual do anuário, garantindo uma representação mais adequada e alinhada aos padrões institucionais;evidencias\20260605_113314_Captura de tela 2026-06-05 111928.png
05/06/2026;11:48;Solicitação Coordenação;Após alinhamento com Igor, continuei a busca e seleção de novas fotografias para compor uma proposta de atualização. O objetivo é apresentar as opções em reunião com Abel para validação e definição dos próximos passos.;4.0;A atividade contribui para a atualização e qualificação do material institucional, permitindo uma decisão alinhada entre as partes envolvidas e garantindo maior qualidade e adequação das imagens selecionadas.;evidencias\20260605_114815_Captura de tela 2026-06-05 114412.png
05/06/2026;16:10;Solicitação Coordenação;Participamos de uma reunião com o time interno da Braspress para alinhamento e definição das diretrizes do projeto. Após a validação das decisões, iniciei o desenvolvimento e a produção dos materiais acordados, considerando o prazo de entrega estabelecido para domingo.;0.5;Garantiu o alinhamento entre as equipes e permitiu o avanço da produção com direcionamento claro, contribuindo para o cumprimento do cronograma e a entrega do material dentro do prazo definido;evidencias\20260605_161037_Captura de tela 2026-06-05 132847.png
05/06/2026;16:17;Agendamento;Atendi à solicitação da equipe de Agendamento para disponibilização/liberação de um template destinado à Eldorado Brasil, garantindo que o material estivesse adequado para utilização.;0.25;Assegurou a disponibilidade do material necessário para dar continuidade às demandas da Eldorado Brasil, contribuindo para a agilidade dos processos e o atendimento aos prazos estabelecidos.;evidencias\20260605_161738_Captura de tela 2026-06-05 161455.png
10/06/2026;16:26;Agendamento;Iniciei o dia com a análise e a liberação do template solicitado pela equipe de agendamento, garantindo sua disponibilização para utilização conforme a demanda apresentada.;0.25;Garantiu a disponibilidade do template solicitado pelo time de agendamento, contribuindo para a continuidade e eficiência das operações da área.;evidencias\20260610_162649_Captura de tela 2026-06-10 161534.png
10/06/2026;16:30;Agendamento;Fui acionado para criar um serviço de manutenção de quinta roda, realizando o cadastro e a configuração necessária para atender à demanda operacional.;0.8333333333333334;Viabilizou o registro e o controle adequado das manutenções de quinta roda, garantindo maior rastreabilidade das atividades, padronização dos processos e suporte à gestão da manutenção da frota.;evidencias\20260610_163008_Captura de tela 2026-06-10 162806.png
10/06/2026;17:11;Área Técnica;Participei de uma reunião com o Rodrigo para alinhamento sobre o serviço de manutenção de quinta roda, discutindo requisitos e definindo os ajustes finais necessários para sua conclusão.;0.4166666666666667;Garantiu o alinhamento entre as áreas envolvidas e a validação dos ajustes finais do serviço, contribuindo para uma entrega mais aderente às necessidades do negócio e reduzindo a necessidade de retrabalho.;evidencias\20260610_171130_Captura de tela 2026-06-10 170621.png
10/06/2026;17:16;Área Técnica;Entrei em contato com o Abel para validar os valores relacionados ao serviço de manutenção de quinta roda, garantindo que as informações estivessem corretas antes da finalização do cadastro. ;0.25;Assegurou a consistência e a precisão dos valores aplicados ao serviço, contribuindo para a confiabilidade das informações, a correta gestão de custos e a redução de possíveis divergências operacionais e financeiras.;evidencias\20260610_171614_Captura de tela 2026-06-10 171218.png
10/06/2026;17:19;Área Técnica;Fui acionado pelo Paulo, da PH, para analisar e tratar um problema identificado no fluxo (Flow) relacionado a uma Ordem de Serviço (O.S.), realizando o levantamento das informações necessárias para diagnóstico da ocorrência.;0.5;Contribuiu para a continuidade das operações ao atuar na identificação e resolução de uma falha no processo, minimizando impactos na execução da Ordem de Serviço e garantindo maior estabilidade e confiabilidade do fluxo operacional.;evidencias\20260610_171923_Captura de tela 2026-06-10 171748.png
10/06/2026;17:51;Agendamento;Realizei a validação da solicitação apresentada por Soares no grupo de validações, referente à Klabin, analisando as informações e confirmando o atendimento dos requisitos necessários.;0.6666666666666666;Garantiu a conformidade e a consistência das informações relacionadas à Klabin, contribuindo para a tomada de decisão assertiva e para a continuidade dos processos com maior segurança e confiabilidade.;evidencias\20260610_175121_Captura de tela 2026-06-10 172201.png
10/06/2026;18:03;Área Técnica;Fui acionado novamente pelo PH para analisar e atuar na resolução de um novo problema identificado no Flow, realizando a investigação da causa e os ajustes necessários para restabelecer o funcionamento do processo.;2.6666666666666665;Contribuiu para a estabilidade dos processos operacionais ao atuar rapidamente na resolução da ocorrência, reduzindo impactos para os usuários e garantindo a continuidade das operações suportadas pelo Flow.;evidencias\20260610_180346_Captura de tela 2026-06-10 175657.png
10/06/2026;18:11;Solicitação Coordenação;Entrei em contato com o Abel para analisar e compreender o possível erro que vem ocorrendo na Transparaná, levantando informações e avaliando possíveis causas da ocorrência.;4.0;Contribuiu para a identificação da causa raiz do problema, apoiando a definição de ações corretivas e preventivas, reduzindo impactos operacionais e aumentando a confiabilidade dos processos da Transparaná.;evidencias\20260610_181144_Captura de tela 2026-06-10 181009.png
10/06/2026;18:14;Solicitação Coordenação;Realizei um alinhamento com o João para discutir e organizar atividades, demandas e acompanhamentos previstos ao longo da semana.;1.0;Promoveu o alinhamento das prioridades e o acompanhamento das demandas em andamento, contribuindo para uma melhor organização das atividades, maior integração entre os envolvidos e execução eficiente dos compromissos da semana.;evidencias\20260610_181406_Captura de tela 2026-06-10 181349.png
10/06/2026;18:36;Área Técnica;Após a validação de todas as informações e confirmações necessárias, realizei a criação do serviço solicitado no sistema.;1.75;Garantiu a formalização e disponibilização do serviço de forma correta e estruturada no sistema, assegurando a integridade das informações, a rastreabilidade do processo e a continuidade das operações relacionadas.;evidencias\20260610_183640_Captura de tela 2026-06-10 183456.png
10/06/2026;18:38;Área Técnica;Participei de uma reunião com o time para alinhamento e definição de pontos relacionados ao Flow, discutindo ajustes e direcionamentos necessários para o processo.;2.0;Contribuiu para o alinhamento entre as áreas envolvidas e para a padronização das definições do Flow, reduzindo inconsistências e fortalecendo a eficiência e a confiabilidade do processo.;evidencias\20260610_183821_Captura de tela 2026-06-10 183712.png
11/06/2026;10:58;Entre outros;Iniciei o dia tratando o e-mail de solicitação para inclusão do valor do serviço de ligação/trava de quinta roda, realizando a análise da demanda e levantando as informações necessárias para seu atendimento.;0.4166666666666667;Garantiu o correto cadastro e parametrização do valor do serviço, contribuindo para a precisão das informações operacionais e financeiras, além de assegurar o atendimento adequado à necessidade da área solicitante.;evidencias\20260611_105834_Captura de tela 2026-06-11 105812.png
11/06/2026;11:07;Solicitação Supervisores;"Fui acionado por Leandro Olímpio para a criação de uma POC (Prova de Conceito) para a EAB. Realizei o levantamento e entendimento da necessidade apresentada e, em seguida, iniciei o desenvolvimento da solução proposta.

";1.6666666666666663;Contribuiu para a validação de uma possível solução para a EAB, permitindo avaliar sua viabilidade técnica e aderência às necessidades do negócio antes de uma implementação definitiva, reduzindo riscos e apoiando a tomada de decisão.c;evidencias\20260611_110705_Captura de tela 2026-06-11 110610.png
11/06/2026;11:29;Solicitação Pós-venda;Entrei em contato com o Cirota, da área de Pós-Venda da EAB, para obter mais detalhes sobre a necessidade da solução, esclarecendo requisitos e regras de negócio para garantir o desenvolvimento correto da POC e evitar inconsistências durante sua utilização em campo.;0.5;Garantiu maior aderência da solução às necessidades operacionais da EAB, reduzindo riscos de falhas e retrabalho, além de aumentar a confiabilidade da POC para futuras validações e utilização em campo.;evidencias\20260611_112949_Captura de tela 2026-06-11 112920.png
11/06/2026;12:00;Solicitação Supervisores;Após diversos alinhamentos e o entendimento detalhado da necessidade, realizei a criação do template em conjunto com os envolvidos e efetuei a configuração do grupo de configuração necessário para o funcionamento da solução.;1.5;Garantiu que a solução fosse estruturada de acordo com os requisitos definidos pelas áreas envolvidas, assegurando maior aderência ao processo, reduzindo riscos de inconsistências e viabilizando a correta utilização da POC.;evidencias\20260611_120047_Captura de tela 2026-06-11 104226.png
11/06/2026;12:07;Solicitação Coordenação;Entrei em contato com o Abel para validar o template criado e conferir os valores associados à solução, garantindo que todas as informações estivessem corretas antes da disponibilização.;0.5;Assegurou a consistência das configurações e dos valores aplicados, reduzindo riscos de erros operacionais e financeiros, além de garantir que a solução atendesse aos requisitos definidos pelas áreas envolvidas.;evidencias\20260611_120735_Captura de tela 2026-06-11 120554.png
11/06/2026;12:10;Entre outros;Propus a criação de um guia de padrões e processos para captura de fotos, com o objetivo de melhorar a qualidade das imagens armazenadas no sistema. Compartilhei a ideia com Pedro Ifro para avaliação e alinhamento, além de realizar a captura das fotos sob minha responsabilidade seguindo os critérios definidos.;0.75;Contribuiu para a padronização e melhoria da qualidade das evidências fotográficas no sistema, aumentando a confiabilidade das informações, facilitando análises futuras e promovendo maior consistência nos registros realizados pelas equipes.;evidencias\20260611_121043_Captura de tela 2026-06-11 120815.png
